[
  {
    "name": "白",
    "hex": "#FFFFFB"
  },
  {
    "name": "胡粉色",
    "hex": "#FFFEF9"
  },
  {
    "name": "象牙白",
    "hex": "#FFFBF0"
  },
  {
    "name": "白粉",
    "hex": "#FFF2DF"
  },
  {
    "name": "鹅黄",
    "hex": "#FFF143"
  },
  {
    "name": "中黄",
    "hex": "#FFE600"
  },
  {
    "name": "黄色",
    "hex": "#FFD400"
  },
  {
    "name": "卵色",
    "hex": "#FFCE7B"
  },
  {
    "name": "姜黄",
    "hex": "#FFC773"
  },
  {
    "name": "雌黄",
    "hex": "#FFC64B"
  },
  {
    "name": "向日葵色",
    "hex": "#FFC20E"
  },
  {
    "name": "藤黄",
    "hex": "#FFB61E"
  },
  {
    "name": "粉红",
    "hex": "#FFB3A7"
  },
  {
    "name": "杏黄",
    "hex": "#FFA631"
  },
  {
    "name": "橙黄",
    "hex": "#FFA400"
  },
  {
    "name": "杏红",
    "hex": "#FF8C31"
  },
  {
    "name": "橘黄",
    "hex": "#FF8936"
  },
  {
    "name": "橘红",
    "hex": "#FF7500"
  },
  {
    "name": "丹",
    "hex": "#FF4E20"
  },
  {
    "name": "朱红",
    "hex": "#FF4C00"
  },
  {
    "name": "洋红",
    "hex": "#FF4777"
  },
  {
    "name": "朱砂",
    "hex": "#FF461F"
  },
  {
    "name": "炎",
    "hex": "#FF3300"
  },
  {
    "name": "火红",
    "hex": "#FF2D51"
  },
  {
    "name": "大红",
    "hex": "#FF2121"
  },
  {
    "name": "洋红",
    "hex": "#FF0097"
  },
  {
    "name": "桜色",
    "hex": "#FEEEED"
  },
  {
    "name": "肌色",
    "hex": "#FEDCBD"
  },
  {
    "name": "郁金色",
    "hex": "#FDB933"
  },
  {
    "name": "黄檗色",
    "hex": "#FCF16E"
  },
  {
    "name": "鱼肚白",
    "hex": "#FCEFE8"
  },
  {
    "name": "山吹色",
    "hex": "#FCAF17"
  },
  {
    "name": "鸭黄",
    "hex": "#FAFF72"
  },
  {
    "name": "杏色",
    "hex": "#FAB27B"
  },
  {
    "name": "柑子色",
    "hex": "#FAA755"
  },
  {
    "name": "橙色",
    "hex": "#FA8C35"
  },
  {
    "name": "酡颜",
    "hex": "#F9906F"
  },
  {
    "name": "珊瑚色",
    "hex": "#F8ABA6"
  },
  {
    "name": "鸨色",
    "hex": "#F7ACBC"
  },
  {
    "name": "生成色",
    "hex": "#F6F5EC"
  },
  {
    "name": "红梅色",
    "hex": "#F69C9F"
  },
  {
    "name": "桃色",
    "hex": "#F58F98"
  },
  {
    "name": "蜜柑色",
    "hex": "#F58220"
  },
  {
    "name": "黄丹",
    "hex": "#F47A55"
  },
  {
    "name": "桃红",
    "hex": "#F47983"
  },
  {
    "name": "橙色",
    "hex": "#F47920"
  },
  {
    "name": "荼白",
    "hex": "#F3F9F1"
  },
  {
    "name": "薄红梅",
    "hex": "#F391A9"
  },
  {
    "name": "铅丹色",
    "hex": "#F3715C"
  },
  {
    "name": "柿色",
    "hex": "#F3704B"
  },
  {
    "name": "黄赤",
    "hex": "#F36C21"
  },
  {
    "name": "朱膘",
    "hex": "#F36838"
  },
  {
    "name": "彤",
    "hex": "#F35336"
  },
  {
    "name": "缟",
    "hex": "#F2ECDE"
  },
  {
    "name": "象牙色",
    "hex": "#F2EADA"
  },
  {
    "name": "赤金",
    "hex": "#F2BE45"
  },
  {
    "name": "朱色",
    "hex": "#F26522"
  },
  {
    "name": "石榴红",
    "hex": "#F20C00"
  },
  {
    "name": "赤紫",
    "hex": "#F173AC"
  },
  {
    "name": "韩红",
    "hex": "#F15B6C"
  },
  {
    "name": "金赤",
    "hex": "#F15A22"
  },
  {
    "name": "雪白",
    "hex": "#F0FCFF"
  },
  {
    "name": "铅白",
    "hex": "#F0F0F4"
  },
  {
    "name": "刈安色",
    "hex": "#F0DC70"
  },
  {
    "name": "缃色",
    "hex": "#F0C239"
  },
  {
    "name": "蔷薇色",
    "hex": "#F05B72"
  },
  {
    "name": "银红",
    "hex": "#F05654"
  },
  {
    "name": "品红",
    "hex": "#F00056"
  },
  {
    "name": "嫣红",
    "hex": "#EF7A82"
  },
  {
    "name": "踯躅色",
    "hex": "#EF5B9C"
  },
  {
    "name": "红绯",
    "hex": "#EF4136"
  },
  {
    "name": "牙色",
    "hex": "#EEDEB0"
  },
  {
    "name": "藕色",
    "hex": "#EDD1D8"
  },
  {
    "name": "妃色",
    "hex": "#ED5736"
  },
  {
    "name": "赤",
    "hex": "#ED1941"
  },
  {
    "name": "樱草色",
    "hex": "#EAFF56"
  },
  {
    "name": "金色",
    "hex": "#EACD76"
  },
  {
    "name": "牡丹色",
    "hex": "#EA66A6"
  },
  {
    "name": "霜色",
    "hex": "#E9F1F6"
  },
  {
    "name": "银白",
    "hex": "#E9E7EF"
  },
  {
    "name": "雄黄",
    "hex": "#E9BB1D"
  },
  {
    "name": "藕荷色",
    "hex": "#E4C6D0"
  },
  {
    "name": "莹白",
    "hex": "#E3F9FD"
  },
  {
    "name": "黄栌",
    "hex": "#E29C45"
  },
  {
    "name": "素",
    "hex": "#E0F0E9"
  },
  {
    "name": "鸭卵青",
    "hex": "#E0EEE8"
  },
  {
    "name": "金茶",
    "hex": "#E0861A"
  },
  {
    "name": "小麦色",
    "hex": "#DF9464"
  },
  {
    "name": "緑黄色",
    "hex": "#DECB00"
  },
  {
    "name": "淡黄",
    "hex": "#DEC674"
  },
  {
    "name": "赤白橡",
    "hex": "#DEAB8A"
  },
  {
    "name": "栀子色",
    "hex": "#DEA32C"
  },
  {
    "name": "黄茶",
    "hex": "#DE773F"
  },
  {
    "name": "酡红",
    "hex": "#DC3023"
  },
  {
    "name": "鸟子色",
    "hex": "#DBCE8F"
  },
  {
    "name": "海棠红",
    "hex": "#DB5A6B"
  },
  {
    "name": "肉桂色",
    "hex": "#DA765B"
  },
  {
    "name": "灰白",
    "hex": "#D9D6C3"
  },
  {
    "name": "秋香色",
    "hex": "#D9B611"
  },
  {
    "name": "红赤",
    "hex": "#D93A49"
  },
  {
    "name": "红色",
    "hex": "#D71345"
  },
  {
    "name": "月白",
    "hex": "#D6ECF0"
  },
  {
    "name": "赤丹",
    "hex": "#D64F44"
  },
  {
    "name": "练色",
    "hex": "#D5C59F"
  },
  {
    "name": "乳白色",
    "hex": "#D3D7D4"
  },
  {
    "name": "砂色",
    "hex": "#D3C6A6"
  },
  {
    "name": "枯黄",
    "hex": "#D3B17D"
  },
  {
    "name": "洗朱",
    "hex": "#D2553D"
  },
  {
    "name": "石竹色",
    "hex": "#D1C7B7"
  },
  {
    "name": "朽叶",
    "hex": "#D1923F"
  },
  {
    "name": "白緑",
    "hex": "#CDE6C7"
  },
  {
    "name": "肉色",
    "hex": "#CD9A5B"
  },
  {
    "name": "丁香色",
    "hex": "#CCA4E3"
  },
  {
    "name": "鶸色",
    "hex": "#CBC547"
  },
  {
    "name": "茜色",
    "hex": "#CB3A56"
  },
  {
    "name": "薄柿",
    "hex": "#CA8687"
  },
  {
    "name": "琥珀",
    "hex": "#CA6924"
  },
  {
    "name": "柳黄",
    "hex": "#C9DD22"
  },
  {
    "name": "洗柿",
    "hex": "#C99979"
  },
  {
    "name": "樱桃色",
    "hex": "#C93756"
  },
  {
    "name": "赫赤",
    "hex": "#C91F37"
  },
  {
    "name": "昏黄",
    "hex": "#C89B40"
  },
  {
    "name": "萱草色",
    "hex": "#C88400"
  },
  {
    "name": "桦色",
    "hex": "#C85D44"
  },
  {
    "name": "绯红",
    "hex": "#C83C23"
  },
  {
    "name": "芥子色",
    "hex": "#C7A252"
  },
  {
    "name": "菖蒲色",
    "hex": "#C77EB5"
  },
  {
    "name": "真赭",
    "hex": "#C76968"
  },
  {
    "name": "桦色",
    "hex": "#C63C26"
  },
  {
    "name": "黄金",
    "hex": "#C37E00"
  },
  {
    "name": "赤",
    "hex": "#C3272B"
  },
  {
    "name": "枣红",
    "hex": "#C32136"
  },
  {
    "name": "花白",
    "hex": "#C2CCD0"
  },
  {
    "name": "枯色",
    "hex": "#C1A173"
  },
  {
    "name": "青白",
    "hex": "#C0EBD7"
  },
  {
    "name": "银朱",
    "hex": "#BF242A"
  },
  {
    "name": "若草色",
    "hex": "#BED742"
  },
  {
    "name": "殷红",
    "hex": "#BE002F"
  },
  {
    "name": "嫩绿",
    "hex": "#BDDD22"
  },
  {
    "name": "曙色",
    "hex": "#BD6758"
  },
  {
    "name": "松花色",
    "hex": "#BCE672"
  },
  {
    "name": "蟹壳青",
    "hex": "#BBCDC5"
  },
  {
    "name": "今様色",
    "hex": "#BB505D"
  },
  {
    "name": "老银",
    "hex": "#BACAC6"
  },
  {
    "name": "黄土色",
    "hex": "#BA8448"
  },
  {
    "name": "抹茶色",
    "hex": "#B7BA6B"
  },
  {
    "name": "骆驼色",
    "hex": "#B7704F"
  },
  {
    "name": "琥珀色",
    "hex": "#B76F40"
  },
  {
    "name": "亜麻色",
    "hex": "#B69968"
  },
  {
    "name": "丹",
    "hex": "#B64533"
  },
  {
    "name": "土",
    "hex": "#B54334"
  },
  {
    "name": "红桦色",
    "hex": "#B4534B"
  },
  {
    "name": "赤茶",
    "hex": "#B4533C"
  },
  {
    "name": "代赭",
    "hex": "#B4532A"
  },
  {
    "name": "檀",
    "hex": "#B36D61"
  },
  {
    "name": "土色",
    "hex": "#B36D41"
  },
  {
    "name": "茶色",
    "hex": "#B35C44"
  },
  {
    "name": "臙脂色",
    "hex": "#B3424A"
  },
  {
    "name": "黄緑",
    "hex": "#B2D235"
  },
  {
    "name": "棕色",
    "hex": "#B25D25"
  },
  {
    "name": "茜色",
    "hex": "#B22C46"
  },
  {
    "name": "雪青",
    "hex": "#B0A4E3"
  },
  {
    "name": "水色",
    "hex": "#AFDFE4"
  },
  {
    "name": "柳绿",
    "hex": "#AFDD22"
  },
  {
    "name": "藤色",
    "hex": "#AFB4DB"
  },
  {
    "name": "棕黄",
    "hex": "#AE7000"
  },
  {
    "name": "土器色",
    "hex": "#AE6642"
  },
  {
    "name": "炼瓦色",
    "hex": "#AE5039"
  },
  {
    "name": "木兰色",
    "hex": "#AD8B3D"
  },
  {
    "name": "退红色",
    "hex": "#AC6767"
  },
  {
    "name": "若草色",
    "hex": "#ABC88B"
  },
  {
    "name": "银朱",
    "hex": "#AA363D"
  },
  {
    "name": "绯色",
    "hex": "#AA2116"
  },
  {
    "name": "绾",
    "hex": "#A98175"
  },
  {
    "name": "驼色",
    "hex": "#A88462"
  },
  {
    "name": "乌金",
    "hex": "#A78E44"
  },
  {
    "name": "赭",
    "hex": "#A7573B"
  },
  {
    "name": "红",
    "hex": "#A7324A"
  },
  {
    "name": "艾绿",
    "hex": "#A4E2C6"
  },
  {
    "name": "葱黄",
    "hex": "#A3D900"
  },
  {
    "name": "萌黄",
    "hex": "#A3CF62"
  },
  {
    "name": "蓝灰色",
    "hex": "#A1AFC9"
  },
  {
    "name": "银鼠",
    "hex": "#A1A3A6"
  },
  {
    "name": "红海老茶",
    "hex": "#A03939"
  },
  {
    "name": "葱绿",
    "hex": "#9ED900"
  },
  {
    "name": "豆绿",
    "hex": "#9ED048"
  },
  {
    "name": "茶鼠",
    "hex": "#9D9087"
  },
  {
    "name": "胭脂",
    "hex": "#9D2933"
  },
  {
    "name": "赭",
    "hex": "#9C5333"
  },
  {
    "name": "藤紫",
    "hex": "#9B95C9"
  },
  {
    "name": "棕红",
    "hex": "#9B4400"
  },
  {
    "name": "薄钝",
    "hex": "#999D9C"
  },
  {
    "name": "梅染",
    "hex": "#987165"
  },
  {
    "name": "苏芳",
    "hex": "#973C3F"
  },
  {
    "name": "豆青",
    "hex": "#96CE54"
  },
  {
    "name": "狐色",
    "hex": "#96582A"
  },
  {
    "name": "赭色",
    "hex": "#955539"
  },
  {
    "name": "瓮覗",
    "hex": "#94D6DA"
  },
  {
    "name": "薄色",
    "hex": "#918597"
  },
  {
    "name": "空色",
    "hex": "#90D7EC"
  },
  {
    "name": "路考茶",
    "hex": "#905D1D"
  },
  {
    "name": "灰茶",
    "hex": "#905A3D"
  },
  {
    "name": "小豆色",
    "hex": "#8F4B4A"
  },
  {
    "name": "桧皮色",
    "hex": "#8F4B38"
  },
  {
    "name": "茶色",
    "hex": "#8F4B2E"
  },
  {
    "name": "香色",
    "hex": "#8E7437"
  },
  {
    "name": "鸢色",
    "hex": "#8E453F"
  },
  {
    "name": "栗色",
    "hex": "#8E3E1F"
  },
  {
    "name": "紫色",
    "hex": "#8D4BBB"
  },
  {
    "name": "丁子色",
    "hex": "#8C531B"
  },
  {
    "name": "绛紫",
    "hex": "#8C4356"
  },
  {
    "name": "鼠色",
    "hex": "#8A8C8E"
  },
  {
    "name": "饴色",
    "hex": "#8A5D19"
  },
  {
    "name": "浅苏芳",
    "hex": "#8A2E3B"
  },
  {
    "name": "秋色",
    "hex": "#896C39"
  },
  {
    "name": "朽叶色",
    "hex": "#896A45"
  },
  {
    "name": "弁柄色",
    "hex": "#892F1B"
  },
  {
    "name": "水色",
    "hex": "#88ADA6"
  },
  {
    "name": "莺色",
    "hex": "#87843B"
  },
  {
    "name": "桦茶色",
    "hex": "#87481F"
  },
  {
    "name": "鸠羽色",
    "hex": "#867892"
  },
  {
    "name": "紫",
    "hex": "#8552A1"
  },
  {
    "name": "焦香",
    "hex": "#853F04"
  },
  {
    "name": "浅緑",
    "hex": "#84BF96"
  },
  {
    "name": "赭石",
    "hex": "#845A33"
  },
  {
    "name": "胡桃色",
    "hex": "#845538"
  },
  {
    "name": "褐色",
    "hex": "#843900"
  },
  {
    "name": "赤锖色",
    "hex": "#84331F"
  },
  {
    "name": "真红",
    "hex": "#840228"
  },
  {
    "name": "棕绿",
    "hex": "#827100"
  },
  {
    "name": "丁子茶",
    "hex": "#826858"
  },
  {
    "name": "油色",
    "hex": "#817936"
  },
  {
    "name": "酱紫",
    "hex": "#815476"
  },
  {
    "name": "紫酱",
    "hex": "#815463"
  },
  {
    "name": "灰色",
    "hex": "#808080"
  },
  {
    "name": "青丹",
    "hex": "#80752C"
  },
  {
    "name": "青莲",
    "hex": "#801DAE"
  },
  {
    "name": "缥",
    "hex": "#7FECAD"
  },
  {
    "name": "若緑",
    "hex": "#7FB80E"
  },
  {
    "name": "伽罗色",
    "hex": "#7F7522"
  },
  {
    "name": "古代紫",
    "hex": "#7D5886"
  },
  {
    "name": "利休鼠",
    "hex": "#7C8577"
  },
  {
    "name": "棕黑",
    "hex": "#7C4B00"
  },
  {
    "name": "石青",
    "hex": "#7BCFA6"
  },
  {
    "name": "勿忘草色",
    "hex": "#7BBFEA"
  },
  {
    "name": "绯",
    "hex": "#7A1723"
  },
  {
    "name": "白群",
    "hex": "#78CDD1"
  },
  {
    "name": "柳色",
    "hex": "#78A355"
  },
  {
    "name": "竹青",
    "hex": "#789262"
  },
  {
    "name": "赤铜色",
    "hex": "#78331E"
  },
  {
    "name": "千草色",
    "hex": "#77AC98"
  },
  {
    "name": "灰色",
    "hex": "#77787B"
  },
  {
    "name": "秘色",
    "hex": "#76BECC"
  },
  {
    "name": "苗色",
    "hex": "#769149"
  },
  {
    "name": "空五倍子色",
    "hex": "#76624C"
  },
  {
    "name": "墨灰",
    "hex": "#758A99"
  },
  {
    "name": "苍色",
    "hex": "#75878A"
  },
  {
    "name": "黎",
    "hex": "#75664D"
  },
  {
    "name": "松叶色",
    "hex": "#74905D"
  },
  {
    "name": "薄墨色",
    "hex": "#74787C"
  },
  {
    "name": "青磁色",
    "hex": "#73B9A2"
  },
  {
    "name": "海老茶",
    "hex": "#733A31"
  },
  {
    "name": "青竹色",
    "hex": "#72BAA7"
  },
  {
    "name": "铅色",
    "hex": "#72777B"
  },
  {
    "name": "利久色",
    "hex": "#726930"
  },
  {
    "name": "乌色",
    "hex": "#725E82"
  },
  {
    "name": "蔚蓝",
    "hex": "#70F3FF"
  },
  {
    "name": "水浅葱",
    "hex": "#70A19F"
  },
  {
    "name": "黄橡",
    "hex": "#705628"
  },
  {
    "name": "薄鼠",
    "hex": "#6F6D85"
  },
  {
    "name": "菫色",
    "hex": "#6F60AA"
  },
  {
    "name": "江戸紫",
    "hex": "#6F599C"
  },
  {
    "name": "海松色",
    "hex": "#6E6B41"
  },
  {
    "name": "褐色",
    "hex": "#6E511E"
  },
  {
    "name": "草色",
    "hex": "#6D8346"
  },
  {
    "name": "莺茶",
    "hex": "#6D5826"
  },
  {
    "name": "煤竹色",
    "hex": "#6C4C49"
  },
  {
    "name": "黝",
    "hex": "#6B6882"
  },
  {
    "name": "焦茶",
    "hex": "#6B473C"
  },
  {
    "name": "栗梅",
    "hex": "#6B2C25"
  },
  {
    "name": "藤纳戸",
    "hex": "#6A6DA9"
  },
  {
    "name": "锖色",
    "hex": "#6A3427"
  },
  {
    "name": "国防色",
    "hex": "#69541B"
  },
  {
    "name": "青紫",
    "hex": "#6950A1"
  },
  {
    "name": "菖蒲色",
    "hex": "#694D9F"
  },
  {
    "name": "黝黑",
    "hex": "#665757"
  },
  {
    "name": "若竹色",
    "hex": "#65C294"
  },
  {
    "name": "黄栌",
    "hex": "#64492B"
  },
  {
    "name": "葡萄鼠",
    "hex": "#63434F"
  },
  {
    "name": "玄色",
    "hex": "#622A1D"
  },
  {
    "name": "栗色",
    "hex": "#60281E"
  },
  {
    "name": "生壁色",
    "hex": "#5F5D46"
  },
  {
    "name": "枯茶",
    "hex": "#5F3C23"
  },
  {
    "name": "蓝鼠",
    "hex": "#5E7C85"
  },
  {
    "name": "黧",
    "hex": "#5D513C"
  },
  {
    "name": "苔色",
    "hex": "#5C7A29"
  },
  {
    "name": "鶸茶",
    "hex": "#596032"
  },
  {
    "name": "鸠羽鼠",
    "hex": "#594C6D"
  },
  {
    "name": "桔梗色",
    "hex": "#585EAA"
  },
  {
    "name": "黛紫",
    "hex": "#574266"
  },
  {
    "name": "黄枯茶",
    "hex": "#56452D"
  },
  {
    "name": "黒茶",
    "hex": "#563624"
  },
  {
    "name": "紫棠",
    "hex": "#56004F"
  },
  {
    "name": "铜绿",
    "hex": "#549688"
  },
  {
    "name": "灭紫",
    "hex": "#543044"
  },
  {
    "name": "深绯",
    "hex": "#54211D"
  },
  {
    "name": "赤褐色",
    "hex": "#53261F"
  },
  {
    "name": "山鸠色",
    "hex": "#525F42"
  },
  {
    "name": "新桥色",
    "hex": "#50B7C1"
  },
  {
    "name": "锖浅葱",
    "hex": "#508A88"
  },
  {
    "name": "墨色",
    "hex": "#50616D"
  },
  {
    "name": "钝色",
    "hex": "#4F5555"
  },
  {
    "name": "群青色",
    "hex": "#4E72B8"
  },
  {
    "name": "青钝",
    "hex": "#4D4F36"
  },
  {
    "name": "群青",
    "hex": "#4C8DAE"
  },
  {
    "name": "紫檀",
    "hex": "#4C221B"
  },
  {
    "name": "宝蓝",
    "hex": "#4B5CC4"
  },
  {
    "name": "浓色",
    "hex": "#4B2F3D"
  },
  {
    "name": "黛",
    "hex": "#4A4266"
  },
  {
    "name": "银煤竹",
    "hex": "#4A3113"
  },
  {
    "name": "绀蓝",
    "hex": "#494E8F"
  },
  {
    "name": "缁色",
    "hex": "#493131"
  },
  {
    "name": "青碧",
    "hex": "#48C0A3"
  },
  {
    "name": "葡萄",
    "hex": "#472D56"
  },
  {
    "name": "胜色",
    "hex": "#46485F"
  },
  {
    "name": "墨",
    "hex": "#464547"
  },
  {
    "name": "緑",
    "hex": "#45B97C"
  },
  {
    "name": "媚茶",
    "hex": "#454926"
  },
  {
    "name": "茄子绀",
    "hex": "#45224A"
  },
  {
    "name": "蓝",
    "hex": "#44CEF6"
  },
  {
    "name": "绀桔梗",
    "hex": "#444693"
  },
  {
    "name": "杜若色",
    "hex": "#426AB3"
  },
  {
    "name": "黛绿",
    "hex": "#426666"
  },
  {
    "name": "黛蓝",
    "hex": "#425066"
  },
  {
    "name": "鸦青",
    "hex": "#424C50"
  },
  {
    "name": "黯",
    "hex": "#41555D"
  },
  {
    "name": "涅色",
    "hex": "#412F1F"
  },
  {
    "name": "紫绀",
    "hex": "#411445"
  },
  {
    "name": "草绿",
    "hex": "#40DE5A"
  },
  {
    "name": "緑青色",
    "hex": "#40835E"
  },
  {
    "name": "二蓝",
    "hex": "#402E4C"
  },
  {
    "name": "暗红",
    "hex": "#401C44"
  },
  {
    "name": "碧蓝",
    "hex": "#3EEDE7"
  },
  {
    "name": "黒橡",
    "hex": "#3E4145"
  },
  {
    "name": "翡翠色",
    "hex": "#3DE1AD"
  },
  {
    "name": "玄青",
    "hex": "#3D3B4F"
  },
  {
    "name": "浓鼠",
    "hex": "#3C3645"
  },
  {
    "name": "藏蓝",
    "hex": "#3B2E7E"
  },
  {
    "name": "乌黑",
    "hex": "#392F41"
  },
  {
    "name": "青白橡",
    "hex": "#375830"
  },
  {
    "name": "木贼色",
    "hex": "#367459"
  },
  {
    "name": "露草色",
    "hex": "#33A3DC"
  },
  {
    "name": "煤黑",
    "hex": "#312520"
  },
  {
    "name": "蝋色",
    "hex": "#2F271D"
  },
  {
    "name": "玉色",
    "hex": "#2EDFA3"
  },
  {
    "name": "藏青",
    "hex": "#2E4E7E"
  },
  {
    "name": "蓝海松茶",
    "hex": "#2E3A1F"
  },
  {
    "name": "千歳緑",
    "hex": "#2B6447"
  },
  {
    "name": "花色",
    "hex": "#2B4490"
  },
  {
    "name": "碧绿",
    "hex": "#2ADD9C"
  },
  {
    "name": "瑠璃色",
    "hex": "#2A5CAA"
  },
  {
    "name": "铁御纳戸",
    "hex": "#293047"
  },
  {
    "name": "黒铁",
    "hex": "#281F1D"
  },
  {
    "name": "革色",
    "hex": "#274D3D"
  },
  {
    "name": "仙斎茶",
    "hex": "#27342B"
  },
  {
    "name": "薄花色",
    "hex": "#2585A6"
  },
  {
    "name": "薄缥",
    "hex": "#2570A1"
  },
  {
    "name": "浅缥",
    "hex": "#2468A2"
  },
  {
    "name": "缥色",
    "hex": "#228FBD"
  },
  {
    "name": "草色",
    "hex": "#225A1F"
  },
  {
    "name": "琉璃绀",
    "hex": "#224B8F"
  },
  {
    "name": "松柏绿",
    "hex": "#21A675"
  },
  {
    "name": "薄緑",
    "hex": "#1D953F"
  },
  {
    "name": "紫黒",
    "hex": "#1D1626"
  },
  {
    "name": "碧色",
    "hex": "#1BD1A5"
  },
  {
    "name": "绀青",
    "hex": "#1B315E"
  },
  {
    "name": "蓝铁",
    "hex": "#1A2933"
  },
  {
    "name": "铁绀",
    "hex": "#181D4B"
  },
  {
    "name": "靛青",
    "hex": "#177CB0"
  },
  {
    "name": "石绿",
    "hex": "#16A951"
  },
  {
    "name": "石青",
    "hex": "#1685A9"
  },
  {
    "name": "漆黑",
    "hex": "#161823"
  },
  {
    "name": "蓝色",
    "hex": "#145B7D"
  },
  {
    "name": "黒",
    "hex": "#130C0E"
  },
  {
    "name": "锖鼠",
    "hex": "#122E29"
  },
  {
    "name": "青褐",
    "hex": "#121A2A"
  },
  {
    "name": "浓蓝",
    "hex": "#11264F"
  },
  {
    "name": "青蓝",
    "hex": "#102B6A"
  },
  {
    "name": "葱倩",
    "hex": "#0EB83A"
  },
  {
    "name": "绿沈",
    "hex": "#0C8918"
  },
  {
    "name": "褐返",
    "hex": "#0C212B"
  },
  {
    "name": "青葱",
    "hex": "#0AA344"
  },
  {
    "name": "靛蓝",
    "hex": "#065279"
  },
  {
    "name": "松花绿",
    "hex": "#057748"
  },
  {
    "name": "绿色",
    "hex": "#00E500"
  },
  {
    "name": "青色",
    "hex": "#00E09E"
  },
  {
    "name": "青翠",
    "hex": "#00E079"
  },
  {
    "name": "油绿",
    "hex": "#00BC12"
  },
  {
    "name": "青緑",
    "hex": "#00AE9D"
  },
  {
    "name": "浅葱色",
    "hex": "#00A6AC"
  },
  {
    "name": "青",
    "hex": "#009AD6"
  },
  {
    "name": "御纳戸色",
    "hex": "#008792"
  },
  {
    "name": "青緑",
    "hex": "#007D65"
  },
  {
    "name": "常盘色",
    "hex": "#007947"
  },
  {
    "name": "萌葱色",
    "hex": "#006C54"
  },
  {
    "name": "深緑",
    "hex": "#005831"
  },
  {
    "name": "铁色",
    "hex": "#005344"
  },
  {
    "name": "绀色",
    "hex": "#003A6C"
  },
  {
    "name": "花青",
    "hex": "#003472"
  },
  {
    "name": "绀青",
    "hex": "#003371"
  }
]